{"cameraMode":{"drawMode":0,"name":"Shaded","section":"Shading Mode"},"sceneLighting":false,"audioPlay":false,"sceneViewState":{"m_AlwaysRefresh":false,"showFog":true,"showSkybox":false,"showFlares":true,"showImageEffects":true,"showParticleSystems":true,"showVisualEffectGraphs":true,"m_FxEnabled":true},"in2DMode":false,"pivot":{"x":-1.8904306888580323,"y":0.3754761219024658,"z":-0.6832901239395142},"rotation":{"x":-0.08207148313522339,"y":0.7955992817878723,"z":-0.11079312860965729,"w":-0.5900751352310181},"size":3.8942718505859377,"orthographic":false}