{"cameraMode":{"drawMode":0,"name":"Shaded","section":"Shading Mode"},"sceneLighting":true,"audioPlay":false,"sceneViewState":{"m_AlwaysRefresh":false,"showFog":true,"showSkybox":false,"showFlares":true,"showImageEffects":true,"showParticleSystems":true,"showVisualEffectGraphs":true,"m_FxEnabled":true},"in2DMode":false,"pivot":{"x":-0.01722368597984314,"y":0.1066601574420929,"z":-0.3661097288131714},"rotation":{"x":-0.1675417572259903,"y":-0.013114012777805329,"z":0.001731700962409377,"w":-0.9859991669654846},"size":2.6467533111572267,"orthographic":false}