{"cameraMode":{"drawMode":0,"name":"Shaded","section":"Shading Mode"},"sceneLighting":true,"audioPlay":false,"sceneViewState":{"m_AlwaysRefresh":false,"showFog":true,"showSkybox":false,"showFlares":true,"showImageEffects":true,"showParticleSystems":true,"showVisualEffectGraphs":true,"m_FxEnabled":true},"in2DMode":false,"pivot":{"x":0.5842158794403076,"y":-0.0631406307220459,"z":-0.17536687850952149},"rotation":{"x":-0.12142196297645569,"y":-0.04742704704403877,"z":0.005214076954871416,"w":-0.9916757345199585},"size":2.641662359237671,"orthographic":false}