{"cameraMode":{"drawMode":0,"name":"Shaded","section":"Shading Mode"},"sceneLighting":true,"audioPlay":false,"sceneViewState":{"m_AlwaysRefresh":false,"showFog":true,"showSkybox":true,"showFlares":true,"showImageEffects":true,"showParticleSystems":true,"showVisualEffectGraphs":true,"m_FxEnabled":true},"in2DMode":false,"pivot":{"x":-5.828549385070801,"y":12.564828872680664,"z":-8.58767318725586},"rotation":{"x":-0.03331253305077553,"y":-0.010230915620923043,"z":-0.0002163287572329864,"w":-0.9996350407600403},"size":58.08982467651367,"orthographic":false}