{"cameraMode":{"drawMode":0,"name":"Shaded","section":"Shading Mode"},"sceneLighting":false,"audioPlay":false,"sceneViewState":{"m_AlwaysRefresh":false,"showFog":true,"showSkybox":false,"showFlares":true,"showImageEffects":true,"showParticleSystems":true,"showVisualEffectGraphs":true,"m_FxEnabled":true},"in2DMode":false,"pivot":{"x":-23.696928024291993,"y":4.505862712860107,"z":1.7843023538589478},"rotation":{"x":-0.043779417872428897,"y":0.02575170435011387,"z":-0.00112638168502599,"w":-0.9986587762832642},"size":4.991944789886475,"orthographic":false}