{"cameraMode":{"drawMode":0,"name":"Shaded","section":"Shading Mode"},"sceneLighting":true,"audioPlay":false,"sceneViewState":{"m_AlwaysRefresh":false,"showFog":true,"showSkybox":false,"showFlares":true,"showImageEffects":true,"showParticleSystems":true,"showVisualEffectGraphs":true,"m_FxEnabled":true},"in2DMode":false,"pivot":{"x":-0.899397611618042,"y":-0.8026231527328491,"z":0.14268112182617188},"rotation":{"x":0.010149532929062844,"y":-0.0536934994161129,"z":-0.0011317013995721937,"w":-0.9987243413925171},"size":11.822624206542969,"orthographic":false}