{"cameraMode":{"drawMode":0,"name":"Shaded","section":"Shading Mode"},"sceneLighting":true,"audioPlay":false,"sceneViewState":{"m_AlwaysRefresh":false,"showFog":true,"showSkybox":false,"showFlares":true,"showImageEffects":true,"showParticleSystems":true,"showVisualEffectGraphs":true,"m_FxEnabled":true},"in2DMode":false,"pivot":{"x":-2.384185791015625e-7,"y":0.45695745944976809,"z":-0.39299988746643069},"rotation":{"x":0.10050001740455628,"y":0.0705234631896019,"z":-0.005864106118679047,"w":0.9926946759223938},"size":3.2839906215667726,"orthographic":false}